歌曲識別碼,歌曲名,歌曲名中譯,歌曲名英譯,語言,歌曲時長,YouTube 連結,發行日期,圖片,音檔,我的最愛,備註
1,LIKEY,喜歡你,LIKEY,韓文,3:28,https://youtu.be/5gZl0PYC2Ho,2017/10/30,,,,
2,거북이,烏龜,Turtle,韓文,3:19,https://youtu.be/tVv_C2fYStU,2017/10/30,,,,
3,Missing U,想你,Missing U,韓文,3:00,https://youtu.be/U9cP8pjmtSs,2017/10/30,,,,
4,WOW,哇,WOW,韓文,3:01,https://youtu.be/ngpGqFCioUI,2017/10/30,,,,
5,FFW,全速前進,FFW,韓文,3:47,https://youtu.be/NGrmg1vBYCU,2017/10/30,,,,
6,DING DONG,叮咚,DING DONG,韓文,3:33,https://youtu.be/MKapiFDDaGA,2017/10/30,,,,
7,24/7,每天24小時,24/7,韓文,3:36,https://youtu.be/2Z1C9rJtUHA,2017/10/30,,,,
8,날 바라바,看著我,Look at Me,韓文,3:14,https://youtu.be/Q97pvL6GsIA,2017/10/30,,,,
9,ROLLIN',翻滾吧,ROLLIN’,韓文,3:11,https://youtu.be/jpvWkizFIEM,2017/10/30,,,,
10,LOVE LINE,愛情線,LOVE LINE,韓文,3:17,https://youtu.be/-Q2aX-BBjK8,2017/10/30,,,,
11,힘내！,加油,Cheer Up!,韓文,2:59,https://youtu.be/97PCZFThkVM,2017/10/30,,,,
12,널 내게 담아,把你裝進我心裡,You in My Heart,韓文,3:29,https://youtu.be/hoPOCZJv_2M,2017/10/30,,,,
13,잘자요 굿나잇,晚安,Say Good Night,韓文,4:24,https://youtu.be/WMs-SzOSfzs,2017/10/30,,,,
14,I CAN'T STOP ME,無法停止,I CAN’T STOP ME,韓文,3:41,https://youtu.be/3d-D5bLDZSk,2020/10/26,,,,
15,Hell In Heaven,地獄中的天堂,Hell In Heaven,韓文,3:00,https://youtu.be/0O18GnTW1CU,2020/10/26,,,,
16,Up No More,不再熬夜,Up No More,韓文,3:35,https://youtu.be/Qgylz1pLFE0,2020/10/26,,,,
17,Do What We Like,做我們想做的事,Do What We Like,韓文,3:00,https://youtu.be/Zw2SgJXWP-4,2020/10/26,,,,
18,Bring It Back,帶回來,Bring It Back,韓文,3:30,https://youtu.be/pG1JNdtNNMM,2020/10/26,,,,
19,Believer,信徒,Believer,韓文,3:17,https://youtu.be/UD-NryVdDts,2020/10/26,,,,
20,Queen,女王,Queen,韓文,3:14,https://youtu.be/21BJa_LA9W4,2020/10/26,,,,
21,Go Hard,全力以赴,Go Hard,韓文,3:00,https://youtu.be/VSc74fDej4I,2020/10/26,,,,
22,Shot Clock,計時器,Shot Clock,韓文,3:29,https://youtu.be/ujy8oFwxRF4,2020/10/26,,,,
23,Handle It,處理它,Handle It,韓文,2:52,https://youtu.be/nNTZw8yvMn8,2020/10/26,,,,
24,Depend On You,依賴你,Depend On You,韓文,3:18,https://youtu.be/ifnLGYQSr_4,2020/10/26,,,,
25,Say Something,說點什麼,Say Something,韓文,4:10,https://youtu.be/oiVqaZyY0ts,2020/10/26,,,,
26,Behind The Mask,面具之後,Behind The Mask,韓文,3:38,https://youtu.be/OMupkTVfSQc,2020/10/26,,,,
27,SCIENTIST,科學家,SCIENTIST,韓文,3:14,https://youtu.be/FOYH-CxtKI8,2021/11/12,,,,
28,MOONLIGHT,月光,MOONLIGHT,韓文,3:39,https://youtu.be/Q8nCjQCvWD4,2021/11/12,,,,
29,ICON,偶像,ICON,韓文,2:56,https://youtu.be/wfXETdOzYos,2021/11/12,,,,
30,CRUEL,殘忍,CRUEL,韓文,3:31,https://youtu.be/HQXBAGVSOyY,2021/11/12,,,,
31,REAL YOU,真正的你,REAL YOU,韓文,3:07,https://youtu.be/gzOdfzuFJ3E,2021/11/12,,,,
32,F.I.L.A,再一次墜入愛河,F.I.L.A,韓文,3:11,https://youtu.be/I4xliZW07tk,2021/11/12,,,,
33,LAST WALTZ,最後一支華爾滋,LAST WALTZ,韓文,2:50,https://youtu.be/sb27EfioKKw,2021/11/12,,,,
34,ESPRESSO,濃縮咖啡,ESPRESSO,韓文,3:07,https://youtu.be/kFudXy6hma8,2021/11/12,,,,
35,알고 싶지 않아,我不想知道,I Don’t Wanna Know,韓文,3:00,https://youtu.be/kcl1OpkDGHU,2021/11/12,,,,
36,선인장,仙人掌,Cactus,韓文,3:37,https://youtu.be/OTHG8RqPSKE,2021/11/12,,,,
37,PUSH & PULL,推與拉,PUSH & PULL,韓文,3:25,https://youtu.be/LKHm2N-knDQ,2021/11/12,,,,
38,HELLO,你好,HELLO,韓文,3:03,https://youtu.be/nhL_Ual1DZk,2021/11/12,,,,
39,"1,3,2","1,3,2","1,3,2",韓文,3:18,https://youtu.be/xGFEC0hUlnM,2021/11/12,,,,
40,CANDY,糖果,CANDY,韓文,3:15,https://youtu.be/AMRCx2kjv2A,2021/11/12,,,,
41,The Feels(CD Only),悸動,The Feels (CD Only),韓文,3:18,Null,2021/11/12,,,,
42,The Feels(Digital Only),悸動,The Feels (Digital Only),英文,3:18,https://youtu.be/TsHl3pNRIUo,2021/11/12,,,,
43,SCIENTIST(Digital Only),科學家,SCIENTIST (Digital Only),英文,3:28,https://youtu.be/kps3WkWq-ns,2021/11/12,,,,
44,Four,四,Four,英文,1:45,https://youtu.be/fhxq4s36-I4,2025/7/11,,,,
45,THIS IS FOR,為了這一切,THIS IS FOR,英文,2:11,https://youtu.be/V4QB1mJoafo,2025/7/11,,,,
46,Options,選項,Options,英文,3:06,https://youtu.be/0sFFvghflng,2025/7/11,,,,
47,Mars,火星,Mars,英文,2:21,https://youtu.be/N1ExjhcpLso,2025/7/11,,,,
48,Right Hand Girl,右手女孩,Right Hand Girl,英文,2:31,https://youtu.be/dtKQfCr7N7I,2025/7/11,,,,
49,Peach Gelato,水蜜桃冰淇淋,Peach Gelato,英文,2:18,https://youtu.be/JkEeQK3yNv8,2025/7/11,,,,
50,Hi Hello,嗨你好,Hi Hello,英文,2:07,https://youtu.be/bLfU4eeqOCo,2025/7/11,,,,
51,Battitude,反骨,Battitude,英文,2:26,https://youtu.be/TOic7n-CDd4,2025/7/11,,,,
52,Dat Ahh Dat Ooh,那樣喔,Dat Ahh Dat Ooh,英文,2:28,https://youtu.be/POxNm2NNyps,2025/7/11,,,,
53,Let Love Go,放手去愛,Let Love Go,英文,2:58,https://youtu.be/dTsP-nmggyc,2025/7/11,,,,
54,G.O.A.T,最強,G.O.A.T,英文,2:25,https://youtu.be/nJRj6-jeSNE,2025/7/11,,,,
55,Talk,聊天,Talk,英文,2:48,https://youtu.be/DvflMF6SSJE,2025/7/11,,,,
56,Seesaw,翹翹板,Seesaw,英文,3:30,https://youtu.be/V-cGPvu1zQE,2025/7/11,,,,
57,Heartbreak Avenue,心碎大道,Heartbreak Avenue,英文,3:16,https://youtu.be/gd5q41kCtHE,2025/7/11,,,,
58,This Is For,為了這一切,This Is For,英文,2:26,https://youtu.be/RPoHz-k6etQ,2025/7/11,,,,
59,Takedown,擊倒,Takedown,英文,3:00,https://youtu.be/g2d1QmEz8wo,2025/7/11,,,,
60,Heart Shaker,心動,Heart Shaker,韓文,3:07,https://youtu.be/cCSd_gSXuBA,2017/12/11,,,,
61,Merry & Happy,歡樂聖誕,Merry & Happy,韓文,3:14,https://youtu.be/c_29BVsBMFg,2017/12/11,,,,
62,Like OOH-AHH,像OOH-AHH一樣,Like OOH-AHH,韓文,3:35,https://youtu.be/6KMN61Zsd58,2015/10/20,,,,
63,다시 해줘,再來一次,Do It Again,韓文,3:26,https://youtu.be/kSsAj90BSBk,2015/10/20,,,,
64,미쳤나봐,我好像瘋了,I Think I’m Crazy,韓文,3:01,https://youtu.be/KNHRIqklQDQ,2015/10/20,,,,
65,Truth,真心話,Truth,韓文,3:33,https://youtu.be/ChHrGbAueHc,2015/10/20,,,,
66,Candy Boy,糖果男孩,Candy Boy,韓文,2:46,https://youtu.be/Oae27Y1AlCE,2015/10/20,,,,
67,Like a Fool,像傻瓜一樣,Like a Fool,韓文,3:34,https://youtu.be/sc9AAtx72ms,2015/10/20,,,,
68,CHEER UP,加油,CHEER UP,韓文,3:29,https://youtu.be/prWVZFgZ3Zc,2016/4/25,,,,
69,珍貴的愛情(소중한 사랑 / Precious Love),珍貴的愛情,Precious Love,韓文,3:51,https://youtu.be/IZIUrPNfTH0,2016/4/25,,,,
70,TOUCHDOWN,達陣,TOUCHDOWN,韓文,3:23,https://youtu.be/a2rRdbSRbRM,2016/4/25,,,,
71,動不動就(툭하면 톡 / Tuk Tok),動不動就,Tuk Tok,韓文,3:16,https://youtu.be/OMMSWhLQ2Tg,2016/4/25,,,,
72,WOOHOO,嗚呼,WOOHOO,韓文,3:21,https://youtu.be/5RrU2KgkK9w,2016/4/25,,,,
73,戴上HEADPHONE(HEADPHONE 써 / MY HEADPHONES ON),戴上耳機,My Headphones On,韓文,3:16,https://youtu.be/jXK8oBtUyvU,2016/4/25,,,,
74,I'M GONNA BE A STAR,我要成為明星,I’M GONNA BE A STAR,韓文,3:21,https://youtu.be/USQbXtp-KJk,2016/4/25,,,,
75,TT(티티),TT,TT,韓文,3:34,https://youtu.be/___h2czNhe0,2016/10/24,,,,
76,1 TO 10,1到10,1 TO 10,韓文,2:56,https://youtu.be/wXlrZpTWKgM,2016/10/24,,,,
77,PONYTAIL,馬尾,PONYTAIL,韓文,3:27,https://youtu.be/nDFHrHf6XtE,2016/10/24,,,,
78,JELLY JELLY,果凍果凍,JELLY JELLY,韓文,3:32,https://youtu.be/xoRUkPR7WeE,2016/10/24,,,,
79,PIT-A-PAT,怦然心動,PIT-A-PAT,韓文,3:28,https://youtu.be/tAzZysDyKV4,2016/10/24,,,,
80,NEXT PAGE,下一頁,NEXT PAGE,韓文,2:58,https://youtu.be/ZLzf7CUGV-k,2016/10/24,,,,
81,ONE IN A MILLION,百萬分之一,ONE IN A MILLION,韓文,2:55,https://youtu.be/OA41_pkBL50,2016/10/24,,,,
82,SIGNAL,信號,SIGNAL,韓文,3:18,https://youtu.be/JSw2CF4EoKA,2017/5/15,,,,
83,一天三次(하루에 세번 / Three Times a Day),一天三次,Three Times a Day,韓文,3:11,https://youtu.be/cykbsxYBwRA,2017/5/15,,,,
84,Only 你(Only 너 / Only You),只有你,Only You,韓文,3:38,https://youtu.be/iAeOTq5b_v8,2017/5/15,,,,
85,Hold Me Tight,抱緊我,Hold Me Tight,韓文,3:19,https://youtu.be/J2O6NZRLz2k,2017/5/15,,,,
86,Eye Eye Eyes,眼睛眼睛眼睛,Eye Eye Eyes,韓文,2:55,https://youtu.be/ahjPcD11Cq4,2017/5/15,,,,
87,Someone Like Me,像我這樣的人,Someone Like Me,韓文,3:25,https://youtu.be/JWRTQAIHVmw,2017/5/15,,,,
88,What is Love?,什麼是愛,What Is Love?,韓文,3:28,https://youtu.be/w4nihuYVTW0,2018/4/9,,,,
89,SWEET TALKER,甜言蜜語,SWEET TALKER,韓文,3:27,https://youtu.be/ViP0lunO1lE,2018/4/9,,,,
90,HO!,嗨,HO!,韓文,3:09,https://youtu.be/3pcCmShOGes,2018/4/9,,,,
91,DEJAVU,似曾相識,DEJAVU,韓文,3:16,https://youtu.be/87nIfxpuipk,2018/4/9,,,,
92,Say Yes,答應我,Say Yes,韓文,3:02,https://youtu.be/Zup7Y-tUSBs,2018/4/9,,,,
93,STUCK,卡住,STUCK,韓文,3:38,https://youtu.be/6Xm9Nzs06uE,2018/4/9,,,,
94,YES or YES(예스 오 예스),是或是,YES or YES,韓文,3:58,https://youtu.be/3AIII5SN0N0,2018/11/5,,,,
95,SAY YOU LOVE ME,說你愛我,SAY YOU LOVE ME,韓文,3:33,https://youtu.be/x2cUrOnaCDg,2018/11/5,,,,
96,LALALA,啦啦啦,LALALA,韓文,3:06,https://youtu.be/6D1LR9F5j8g,2018/11/5,,,,
97,YOUNG & WILD,年輕又狂野,YOUNG & WILD,韓文,3:01,https://youtu.be/lgT7YKt0syY,2018/11/5,,,,
98,SUNSET,夕陽,SUNSET,韓文,3:43,https://youtu.be/_NY6kOB4VVU,2018/11/5,,,,
99,AFTER MOON,月後,AFTER MOON,韓文,3:24,https://youtu.be/Cmlhdt2j62s,2018/11/5,,,,
100,BDZ(Korean ver.),BDZ,BDZ (Korean ver.),韓文,3:16,https://youtu.be/-tsddqSTkOw,2018/11/5,,,,
101,FANCY(팬시),華麗,FANCY,韓文,3:33,https://youtu.be/j4OrZV_GAsI,2019/4/22,,,,
102,STUCK IN MY HEAD,困在我腦海,STUCK IN MY HEAD,韓文,2:56,https://youtu.be/k9UXGuoc4lQ,2019/4/22,,,,
103,GIRLS LIKE US,女孩就該這樣,GIRLS LIKE US,韓文,2:38,https://youtu.be/S7TlMUs9ptk,2019/4/22,,,,
104,HOT,火熱,HOT,韓文,2:57,https://youtu.be/JOswKXwfJ_s,2019/4/22,,,,
105,TURN IT UP,調高音量,TURN IT UP,韓文,3:07,https://youtu.be/Ssro0ddHe1Y,2019/4/22,,,,
106,STRAWBERRY,草莓,STRAWBERRY,韓文,3:29,https://youtu.be/HFD_8hsjyXE,2019/4/22,,,,
107,Feel Special,感覺特別,Feel Special,韓文,3:26,https://youtu.be/2zZxNpzqcAc,2019/9/23,,,,
108,RAINBOW,彩虹,RAINBOW,韓文,2:57,https://youtu.be/uU8ib9OLrnE,2019/9/23,,,,
109,GET LOUD,大聲點,GET LOUD,韓文,3:07,https://youtu.be/Kt80per7teY,2019/9/23,,,,
110,TRICK IT,耍你,TRICK IT,韓文,3:14,https://youtu.be/NNWADYNmENM,2019/9/23,,,,
111,LOVE FOOLISH,愚蠢的愛,LOVE FOOLISH,韓文,3:11,https://youtu.be/PeFXRIJXYZo,2019/9/23,,,,
112,21:29,21:29,21:29,韓文,3:48,https://youtu.be/gsmSi4avq-0,2019/9/23,,,,
113,Breakthrough (Korean ver.),突破,Breakthrough (Korean ver.),韓文,3:37,https://youtu.be/qJXJofDk7Wo,2019/7/24,,,,
114,MORE & MORE,更多更多,MORE & MORE,韓文,3:19,https://youtu.be/8yTxNtVr_d8,2020/6/1,,,,
115,OXYGEN,氧氣,OXYGEN,韓文,3:45,https://youtu.be/ssAa1Vf3KTQ,2020/6/1,,,,
116,FIREWORK,煙火,FIREWORK,韓文,3:13,https://youtu.be/lWX3WCF1qwg,2020/6/1,,,,
117,MAKE ME GO,讓我走,MAKE ME GO,韓文,3:06,https://youtu.be/3fqDjzbtbG4,2020/6/1,,,,
118,SHADOW,影子,SHADOW,韓文,2:48,https://youtu.be/lUS74hctjZg,2020/6/1,,,,
119,DON'T CALL ME AGAIN,不要再打給我,DON’T CALL ME AGAIN,韓文,2:53,https://youtu.be/gPQLExipfZ8,2020/6/1,,,,
120,SWEET SUMMER DAY,甜蜜夏日,SWEET SUMMER DAY,韓文,3:11,https://youtu.be/qYNnBg2VQWg,2020/6/1,,,,
121,Alcohol-Free,無酒精,Alcohol-Free,韓文,3:30,https://youtu.be/m8CyyxWgNd8,2021/6/11,,,,
122,First Time,第一次,First Time,韓文,3:02,https://youtu.be/mG1AMqDTOzg,2021/6/11,,,,
123,Scandal,醜聞,Scandal,韓文,2:43,https://youtu.be/XfHE--ZzhWQ,2021/6/11,,,,
124,Conversation,對話,Conversation,韓文,2:27,https://youtu.be/KwqUdV2hpII,2021/6/11,,,,
125,Baby Blue Love,寶貝藍色的愛,Baby Blue Love,韓文,2:46,https://youtu.be/KRE5FpVxZVQ,2021/6/11,,,,
126,SOS,求救,SOS,韓文,2:53,https://youtu.be/jI_pTD3cy8M,2021/6/11,,,,
127,CRY FOR ME(CD Only),為我哭泣,CRY FOR ME,韓文,3:24,Null,2021/6/11,,,,
128,Talk that Talk,聊聊那件事,Talk That Talk,韓文,2:57,https://youtu.be/F2Y0Q9blUPk,2022/8/26,,,,
129,Queen of Hearts,紅心女王,Queen of Hearts,韓文,3:06,https://youtu.be/ddhScf9lMr8,2022/8/26,,,,
130,Basics,基本原則,Basics,韓文,2:56,https://youtu.be/59Z6bDaIQtY,2022/8/26,,,,
131,Trouble,麻煩,Trouble,韓文,3:35,https://youtu.be/vm9Lkyp4l9Q,2022/8/26,,,,
132,Brave,勇敢,Brave,韓文,3:09,https://youtu.be/QTy21FWLvqY,2022/8/26,,,,
133,Gone,離開,Gone,韓文,3:15,https://youtu.be/eGL-O-vZFMA,2022/8/26,,,,
134,When We Were Kids,當我們還是孩子,When We Were Kids,韓文,3:09,https://youtu.be/K8vqtOzTd7w,2022/8/26,,,,
135,SET ME FREE,解放我,SET ME FREE,韓文,3:01,https://youtu.be/IPk3M154M3s,2023/3/10,,,,
136,MOONLIGHT SUNRISE,月光日出,MOONLIGHT SUNRISE,韓文,3:00,https://youtu.be/yHEdqF09Mgs,2023/1/20,,,,
137,GOT THE THRILLS,心跳加速,GOT THE THRILLS,韓文,2:53,https://youtu.be/J0EMiphyUFY,2023/3/10,,,,
138,BLAME IT ON ME,都是你的錯,BLAME IT ON ME,韓文,2:40,https://youtu.be/Mk8hIPg2dNE,2023/3/10,,,,
139,WALLFLOWER,牆花,WALLFLOWER,韓文,2:56,https://youtu.be/VzIAZt8I7t8,2023/3/10,,,,
140,CRAZY STUPID LOVE,瘋狂愚蠢的愛,CRAZY STUPID LOVE,韓文,2:49,https://youtu.be/pupEHRXBU-w,2023/3/10,,,,
141,SET ME FREE (English ver.),解放我（英文）,SET ME FREE (ENG),韓文,3:01,https://youtu.be/Cczo7nazBGA,2023/3/10,,,,
142,I GOT YOU,我擁有你,I GOT YOU,韓文,2:53,https://youtu.be/4G08xoCJiQw,2024/2/2,,,,
143,ONE SPARK,唯一火花,ONE SPARK,韓文,3:03,https://youtu.be/FRx4TH0rFvs,2024/2/23,,,,
144,RUSH,衝刺,RUSH,韓文,2:36,https://youtu.be/gw5uSSsHm6c,2024/2/23,,,,
145,NEW NEW,全新全新,NEW NEW,韓文,3:01,https://youtu.be/JqEEOtVtBO4,2024/2/23,,,,
146,BLOOM,綻放,BLOOM,韓文,3:23,https://youtu.be/paEyc77z3B4,2024/2/23,,,,
147,YOU GET ME,你理解我,YOU GET ME,韓文,2:33,https://youtu.be/GzmFNfvKSTY,2024/2/23,,,,
148,Strategy (feat. 梅根尤物),戰略,Strategy (feat. Megan Thee Stallion),韓文,3:22,https://youtu.be/DoPErQwgfg8,2024/12/6,,,,
149,Kiss My Troubles Away,親吻煩惱,Kiss My Troubles Away,韓文,2:54,https://youtu.be/mDQqhGH58P0,2024/12/6,,,,
150,Like It Like It,喜歡就喜歡,Like It Like It,韓文,3:03,https://youtu.be/Z-hpRjpFmmU,2024/12/6,,,,
151,Sweetest Obsession,最甜的執著,Sweetest Obsession,韓文,2:47,https://youtu.be/lcOz_NEUO0E,2024/12/6,,,,
152,Keeper,守護者,Keeper,韓文,2:36,https://youtu.be/K8oVsiuDlLA,2024/12/6,,,,
153,Magical,魔法,Magical,韓文,3:16,https://youtu.be/nxeUtKHTWYU,2024/12/6,,,,
154,Strategy,戰略,Strategy,韓文,2:47,https://youtu.be/nmbiBVPe5bY,2024/12/6,,,,
155,KNOCK KNOCK,敲敲,KNOCK KNOCK,韓文,3:15,https://youtu.be/mYBpyKEcAa8,2017/2/20,,,,
156,冰淇淋(녹아요 / Ice Cream),冰淇淋,Ice Cream,韓文,3:52,https://youtu.be/5gtUPYf70X4,2017/2/20,,,,
157,TT(티티),TT,TT,韓文,3:34,https://youtu.be/___h2czNhe0,2017/2/20,,,,
158,1 to 10,1到10,1 to 10,韓文,2:56,https://youtu.be/XSZhwW4K07I,2017/2/20,,,,
159,Ponytail,馬尾,Ponytail,韓文,3:27,https://youtu.be/YIDIc43DOLY,2017/2/20,,,,
160,Jelly Jelly,果凍果凍,Jelly Jelly,韓文,3:32,https://youtu.be/g0FH2lUFW_Q,2017/2/20,,,,
161,Pit-a-Pat,怦然心動,Pit-a-Pat,韓文,3:28,https://youtu.be/FCfDGlJwCsU,2017/2/20,,,,
162,Next Page,下一頁,Next Page,韓文,2:58,https://youtu.be/1VfRWz-m6uA,2017/2/20,,,,
163,One in a Million,百萬分之一,One in a Million,韓文,2:55,https://youtu.be/oValAHjD7hQ,2017/2/20,,,,
164,TT(TAK Remix)(CD Only),TT混音,TT (TAK Remix) (CD Only),韓文,3:34,https://youtu.be/pdEOg9a6M0U,2017/2/20,,,,
165,Like OOH-AHH(Inst.)(CD Only),像OOH-AHH一樣（伴奏）,Like OOH-AHH (Inst.) (CD Only),韓文,3:35,https://youtu.be/XYrXx_vEhBU,2017/2/20,,,,
166,CHEER UP(Inst.)(CD Only),加油（伴奏）,CHEER UP (Inst.) (CD Only),韓文,3:29,https://youtu.be/AIMu7QxBcO8,2017/2/20,,,,
167,TT(Inst.)(CD Only),TT（伴奏）,TT (Inst.) (CD Only),韓文,3:34,https://youtu.be/Yr80loldqcU,2017/2/20,,,,
168,Dance the Night Away,徹夜狂歡,Dance the Night Away,韓文,3:03,https://youtu.be/z7zNn7Piti0,2018/7/9,,,,
169,CHILLAX,放輕鬆,CHILLAX,韓文,3:07,https://youtu.be/EbudCUkXUrM,2018/7/9,,,,
170,Shot thru the heart,一箭穿心,Shot Thru the Heart,韓文,3:27,https://youtu.be/G0Rg1fOn9kk,2018/7/9,,,,
171,What is Love?,什麼是愛,What Is Love?,韓文,3:28,https://youtu.be/w4nihuYVTW0,2018/7/9,,,,
172,SWEET TALKER,甜言蜜語,SWEET TALKER,韓文,3:27,https://youtu.be/ViP0lunO1lE,2018/7/9,,,,
173,HO!,嗨,HO!,韓文,3:09,https://youtu.be/3pcCmShOGes,2018/7/9,,,,
174,DEJAVU,似曾相識,DEJAVU,韓文,3:16,https://youtu.be/87nIfxpuipk,2018/7/9,,,,
175,Say Yes,答應我,Say Yes,韓文,3:02,https://youtu.be/Zup7Y-tUSBs,2018/7/9,,,,
176,STUCK,卡住,STUCK,韓文,3:38,https://youtu.be/6Xm9Nzs06uE,2018/7/9,,,,
177,The Best Thing I Ever Did(올해 제일 잘한 일),我今年做得最好的事,The Best Thing I Ever Did,韓文,3:33,https://youtu.be/CfUGjK6gGgs,2018/12/12,,,,
178,Be as ONE (Korean ver.),合而為一,Be as ONE (Korean ver.),韓文,3:47,https://youtu.be/TzoDUWmFB5M,2018/12/12,,,,
179,ME+YOU,你加我,ME+YOU,韓文,2:55,https://youtu.be/AUoqoW7P3dg,2025/10/10,,,,
180,Meeeeee(娜璉),喵喵喵,Meeeeee (Nayeon),韓文,2:46,https://youtu.be/vnA8--MCU_A,2025/10/10,,,,
181,Fix A Drink(定延),修好一杯,Fix A Drink (Jeongyeon),韓文,2:58,https://youtu.be/1kFNJEIYSaY,2025/10/10,,,,
182,Move Like That(Momo),就這樣動,Move Like That (Momo),韓文,2:47,https://youtu.be/LkF528yaz9A,2025/10/10,,,,
183,Decaffeinated(Sana),低咖啡因,Decaffeinated (Sana),韓文,3:00,https://youtu.be/um6VLQEm500,2025/10/10,,,,
184,ATM(志效),提款機,ATM (Jihyo),韓文,3:36,https://youtu.be/WYMyJmm4IMc,2025/10/10,,,,
185,Stone Cold(Mina),冷若冰霜,Stone Cold (Mina),韓文,2:45,https://youtu.be/kOt4ekUkNvs,2025/10/10,,,,
186,Chess(多賢),西洋棋,Chess (Dahyun),韓文,2:29,https://youtu.be/7wlDQRd5lGU,2025/10/10,,,,
187,In My Room(彩瑛),我的房間,In My Room (Chaeyoung),韓文,2:49,https://youtu.be/5zrfR0-qwog,2025/10/10,,,,
188,Dive In(子瑜),潛入,Dive In (Tzuyu),韓文,2:44,https://youtu.be/TPHLwBBN00o,2025/10/10,,,,
189,CRY FOR ME,為我哭泣,CRY FOR ME,韓文,3:24,https://youtu.be/y0nVpR8DO7I,2020/12/18,,,,
190,I Love You More Than Anyone,比任何人都愛你,I Love You More Than Anyone,韓文,3:38,https://youtu.be/N-FgB3M8bm8,2021/7/9,,,,
191,I Love You More Than Anyone(Inst.),比任何人都愛你（伴奏）,I Love You More Than Anyone (Inst.),韓文,3:38,https://youtu.be/20_rKC8_b38,2021/7/9,,,,
192,POP!,爆米花,POP!,韓文,2:48,https://youtu.be/R9TPed_ohKM,2022/6/24,,,,
193,NO PROBLEM (Feat. Felix of Stray Kids),沒問題,NO PROBLEM (Feat. Felix of Stray Kids),韓文,3:16,https://youtu.be/9oelHREj8iI,2022/6/24,,,,
194,LOVE COUNTDOWN (Feat. Wonstein),愛情倒數,LOVE COUNTDOWN (Feat. Wonstein),韓文,3:17,https://youtu.be/D6KP4btz2eY,2022/6/24,,,,
195,CANDYFLOSS,棉花糖,CANDYFLOSS,韓文,3:01,https://youtu.be/mW3K34FWhV4,2022/6/24,,,,
196,ALL OR NOTHING,孤注一擲,ALL OR NOTHING,韓文,3:04,https://youtu.be/Qqgqp7GgSZQ,2022/6/24,,,,
197,HAPPY BIRTHDAY TO YOU,生日快樂,HAPPY BIRTHDAY TO YOU,韓文,3:05,https://youtu.be/EjtxTX_VjxE,2022/6/24,,,,
198,SUNSET,只有晚霞很美,Sunset Is Beautiful Alone,韓文,3:13,https://youtu.be/2vMJJiDu0Lk,2022/6/24,,,,
199,Killin' Me Good,殺死人了,Killin’ Me Good,韓文,3:05,https://youtu.be/bJ3WGDFznis,2023/8/18,,,,
200,Talkin' About It (feat. 24kGoldn),聊聊吧,Talkin’ About It (feat. 24kGoldn),韓文,2:50,https://youtu.be/t25WudUNmxc,2023/8/18,,,,
201,Closer,靠近一點,Closer,韓文,2:35,https://youtu.be/71c1dJBL-DU,2023/8/18,,,,
202,Wishing On You,許個願,Wishing On You,韓文,3:14,https://youtu.be/KljiEl5QOR4,2023/8/18,,,,
203,Don't Wanna Go Back (Duet with Heize),不想回頭,Don’t Wanna Go Back (Duet with Heize),韓文,3:42,https://youtu.be/I-Wy5TXUT_8,2023/8/18,,,,
204,Room,房間,Room,韓文,2:57,https://youtu.be/tyKgVy5OvnA,2023/8/18,,,,
205,Nightmare,惡夢,Nightmare,韓文,3:35,https://youtu.be/R-DmBt07M4o,2023/8/18,,,,
206,ABCD,ABCD,ABCD,韓文,2:42,https://youtu.be/4G30iKdqGeg,2024/6/14,,,,
207,Butterflies,蝴蝶,Butterflies,韓文,3:41,https://youtu.be/iLOJKRHmwI8,2024/6/14,,,,
208,Heaven (Feat. Sam Kim),天堂,Heaven (Feat. Sam Kim),韓文,3:06,https://youtu.be/0NAZ1W2uqcQ,2024/6/14,,,,
209,Magic (Feat. JULIE of KISS OF LIFE),魔法,Magic (Feat. JULIE of KISS OF LIFE),韓文,3:26,https://youtu.be/kCXZW5O5Ssg,2024/6/14,,,,
210,HalliGalli (Prod. by LEE CHANHYUK of AKMU),哈利加利,HalliGalli (Prod. by LEE CHANHYUK of AKMU),韓文,3:07,https://youtu.be/yUn77mh3A8Y,2024/6/14,,,,
211,Something,某些事,Something,韓文,3:07,https://youtu.be/b1BMabsFVlU,2024/6/14,,,,
212,Count It,數一數,Count It,韓文,3:14,https://youtu.be/bj8WoowibU0,2024/6/14,,,,
213,Run Away,逃跑吧,Run Away,韓文,3:18,https://youtu.be/YofelpFMWzg,2024/9/6,,,,
214,Heartbreak In Heaven (Feat. PENIEL of BTOB),天堂的心碎,Heartbreak In Heaven (Feat. PENIEL of BTOB),韓文,3:33,https://youtu.be/gLtEq5UtPvk,2024/9/6,,,,
215,Lazy Baby (Feat. pH-1),懶惰寶寶,Lazy Baby (Feat. pH-1),韓文,2:42,https://youtu.be/P4l5fihTCyk,2024/9/6,,,,
216,Losing Sleep,失眠,Losing Sleep,韓文,2:39,https://youtu.be/U0abEcy5Mqs,2024/9/6,,,,
217,One Love,唯一的愛,One Love,韓文,3:13,https://youtu.be/ikP_9-wNfps,2024/9/6,,,,
218,Fly,飛翔,Fly,韓文,3:43,https://youtu.be/CPblcis1xU0,2024/9/6,,,,
219,Avocado (feat. Gliiico),酪梨,Avocado (feat. Gliiico),韓文,2:21,https://youtu.be/SGwinvCq4oY,2025/9/12,,,,
220,Band-Aid,OK繃,Band-Aid,韓文,2:25,https://youtu.be/XJAN_eQxeB0,2025/9/12,,,,
221,Shoot (Firecracker),發射,Shoot (Firecracker),韓文,2:48,https://youtu.be/glptno5ohjc,2025/9/12,,,,
222,Girl,女孩,Girl,韓文,2:37,https://youtu.be/_pM7B1cej_8,2025/9/12,,,,
223,RIBBONS (feat. SUMIN & Jibin),緞帶,RIBBONS (feat. SUMIN & Jibin),韓文,2:37,https://youtu.be/AQv3hzWshGI,2025/9/12,,,,
224,DOWNPOUR (feat. Gliiico),暴雨,DOWNPOUR (feat. Gliiico),韓文,1:49,https://youtu.be/-EN63cmt6Gw,2025/9/12,,,,
225,BF,男朋友,BF,韓文,1:31,https://youtu.be/f1JjtFRz-lo,2025/9/12,,,,
226,Shadow Puppets(그림자놀이),影子遊戲,Shadow Puppets,韓文,2:27,https://youtu.be/jqNpkGKf0Cw,2025/9/12,,,,
227,My Guitar(내 기타),我的吉他,My Guitar,韓文,2:24,https://youtu.be/dtaXzli1aHQ,2025/9/12,,,,
228,Lonely Doll Waltz,孤獨人偶華爾滋,Lonely Doll Waltz,韓文,3:01,https://youtu.be/LPW5w_EnZNk,2025/9/12,,,,
229,BDZ,BDZ,BDZ,日文,3:19,https://youtu.be/1gboAurxRos,2018/9/12,,,,
230,One More Time,再一次,One More Time,日文,3:02,https://youtu.be/8ClIKebT72M,2018/9/12,,,,
231,Candy Pop,糖果爆,Candy Pop,日文,3:22,https://youtu.be/E5Jq6H_a8cg,2018/2/7,,,,
232,L.O.V.E,愛,L.O.V.E,日文,3:23,https://youtu.be/PVqxZCQkdE0,2018/9/12,,,,
233,Wishing,願望,Wishing,日文,4:29,https://youtu.be/06Y0eM8sIF0,2018/9/12,,,,
234,Say It Again,再說一次,Say It Again,日文,3:23,https://youtu.be/8xhJT8-fig4,2018/9/12,,,,
235,Wake Me Up,叫醒我,Wake Me Up,日文,3:32,https://youtu.be/S5Imn7jDYD8,2018/5/16,,,,
236,BRAND NEW GIRL,全新女孩,BRAND NEW GIRL,日文,3:24,https://youtu.be/zPKSM2x4ak8,2018/2/7,,,,
237,Be as ONE,合而為一,Be as ONE,日文,3:47,https://youtu.be/pXS9WVPC1pg,2018/9/12,,,,
238,I WANT YOU BACK,我想要你回來,I WANT YOU BACK,日文,3:20,https://youtu.be/WR3M7VIjTXE,2018/6/15,,,,
239,Fake & True,假與真,Fake & True,日文,3:39,https://youtu.be/Djl-H3GiQcQ,2019/11/20,,,,
240,Stronger,更強大,Stronger,日文,3:14,https://youtu.be/kLAXD52Bvp0,2019/11/20,,,,
241,Breakthrough,突破,Breakthrough,日文,3:37,https://youtu.be/QBuni__P6Xk,2019/11/20,,,,
242,Changing!,改變,Changing!,日文,3:42,https://youtu.be/YMacCmjneiU,2019/11/20,,,,
243,HAPPY HAPPY,快樂快樂,HAPPY HAPPY,日文,3:26,https://youtu.be/REq05kc2NuM,2019/7/17,,,,
244,What You Waiting For,你在等什麼,What You Waiting For,日文,3:21,https://youtu.be/Xo0vp0ML7lc,2019/11/20,,,,
245,Be OK,沒關係,Be OK,日文,3:08,https://youtu.be/qXSmnH2T5sI,2019/11/20,,,,
246,POLISH,波蘭,POLISH,日文,3:01,https://youtu.be/AKZKw7GCsik,2019/11/20,,,,
247,How u doin',你好嗎,How U Doin’,日文,3:29,https://youtu.be/j73UR6b2zTs,2019/11/20,,,,
248,The Reason Why,原因,The Reason Why,日文,3:46,https://youtu.be/-v1Ox66geJI,2019/11/20,,,,
249,Perfect World,完美世界,Perfect World,日文,3:02,https://youtu.be/qbGYTzFJxnc,2021/7/28,,,,
250,BETTER,更好,BETTER,日文,3:43,https://youtu.be/7DcbMtiN0q8,2021/7/28,,,,
251,Good at Love,戀愛高手,Good at Love,日文,3:52,https://youtu.be/nyqdtUiV7Zo,2021/7/28,,,,
252,Fanfare,應援,Fanfare,日文,3:40,https://youtu.be/G8twM11msXU,2021/7/28,,,,
253,Kura Kura,暈暈的,Kura Kura,日文,3:47,https://youtu.be/lPt-vK1p5OI,2021/7/28,,,,
254,Four-leaf Clover,四葉幸運草,Four-leaf Clover,日文,3:48,https://youtu.be/9cjBBDa_KXA,2021/7/28,,,,
255,In the summer,在夏天,In the Summer,日文,3:31,https://youtu.be/-at-LyHsTQc,2021/7/28,,,,
256,PIECES OF LOVE,愛的碎片,PIECES OF LOVE,日文,4:02,https://youtu.be/jNuwG28bAd0,2021/7/28,,,,
257,"Thank you, Family",謝謝你，家人,"Thank You, Family",日文,3:18,https://youtu.be/iwv8rJqbsqA,2021/7/28,,,,
258,PROMISE,約定,PROMISE,日文,4:20,https://youtu.be/WZcdhtx1V6Q,2021/7/28,,,,
259,Celebrate,慶祝,Celebrate,日文,3:08,https://youtu.be/uh7E7Nt-n1k,2022/7/27,,,,
260,Voices of Delight,喜悅之聲,Voices of Delight,日文,3:03,https://youtu.be/51js5vAe4M4,2022/7/27,,,,
261,TICK TOCK,滴答,TICK TOCK,日文,3:03,https://youtu.be/U5orW-UG1ic,2022/7/27,,,,
262,Flow like waves,如浪流動,Flow Like Waves,日文,3:33,https://youtu.be/_FPXHHOeVmU,2022/7/27,,,,
263,That's all I'm saying,就這麼說吧,That’s All I’m Saying,日文,3:02,https://youtu.be/miqIEK6OXU0,2022/7/27,,,,
264,Bitter Sweet,苦中帶甜,Bitter Sweet,日文,3:30,https://youtu.be/PjZxO5oiUKA,2022/7/27,,,,
265,Sandcastle,沙堡,Sandcastle,日文,3:12,https://youtu.be/yXIX2apmZio,2022/7/27,,,,
266,Just be yourself,做自己,Just Be Yourself,日文,3:20,https://youtu.be/oGzQBRFKWfM,2022/3/22,,,,
267,Doughnut,甜甜圈,Doughnut,日文,4:23,https://youtu.be/8z4rLekKl6g,2022/7/27,,,,
268,Beyond the Horizon,超越地平線,Beyond the Horizon,日文,3:32,https://youtu.be/cKptx1j6m9Q,2024/7/17,,,,
269,DIVE,潛水,DIVE,日文,3:02,https://youtu.be/snm3mf90zsQ,2024/7/17,,,,
270,Ocean Deep,深海,Ocean Deep,日文,3:40,https://youtu.be/sML_1FMTn6c,2024/7/17,,,,
271,LOVE WARNING,愛的警告,LOVE WARNING,日文,3:26,https://youtu.be/qYmIZG8CosQ,2024/7/17,,,,
272,Here I am,我在這裡,Here I Am,日文,2:50,https://youtu.be/AbHYouK42oc,2024/7/17,,,,
273,Inside of me,在我心中,Inside of Me,日文,2:53,https://youtu.be/72LtcwY18Ak,2024/7/17,,,,
274,Peach Soda,桃子汽水,Peach Soda,日文,3:10,https://youtu.be/x7XKjwF8Lmg,2024/7/17,,,,
275,Echoes of heart,心之回聲,Echoes of Heart,日文,3:14,https://youtu.be/aZejUVfjo9s,2024/7/17,,,,
276,Dance Again,再次起舞,Dance Again,日文,3:12,https://youtu.be/RW6HhmyGehE,2023/12/12,,,,
277,Hare Hare,晴晴,Hare Hare,日文,3:23,https://youtu.be/1qWqUk92tew,2024/7/17,,,,
278,Up to you,由你決定,Up to You,日文,2:58,https://youtu.be/a_f-Bf4P4DE,2025/8/27,,,,
279,ENEMY,敵人,ENEMY,日文,2:41,https://youtu.be/4qKqfcK5hIA,2025/8/27,,,,
280,FINE,沒關係,FINE,日文,3:00,https://youtu.be/zOfojpba76w,2025/8/27,,,,
281,One day,某一天,One Day,日文,3:11,https://youtu.be/4gt45q8Az0E,2025/8/27,,,,
282,Blind in Love,愛情盲目,Blind in Love,日文,2:43,https://youtu.be/UXn0HgvCpdM,2025/8/27,,,,
283,Love is more,愛更多,Love Is More,日文,2:55,https://youtu.be/Uz44R2x25Dc,2025/8/27,,,,
284,The wish,願望,The Wish,日文,2:47,https://youtu.be/KHJF37Xs0Xk,2024/12/16,,,,
285,Glow,發光,Glow,日文,2:54,https://youtu.be/wQV8eZX-ovE,2025/8/27,,,,
286,Like 1,像1,Like 1,日文,3:06,https://youtu.be/QutKfTlcBKc,2025/8/27,,,,
287,STAY BY MY SIDE,留在我身邊,STAY BY MY SIDE,日文,4:14,https://youtu.be/96K5RxgTfW4,2018/10/21,,,,
288,SWING,搖擺,SWING,日文,3:22,https://youtu.be/mhutS2dVjNs,2020/2/5,,,,
289,Like OOH-AHH (Japanese ver.),像 OOH-AHH 一樣（日文版）,Like OOH-AHH (Japanese ver.),日文,3:35,https://youtu.be/SF4jJUlmYUo,2017/6/28,,,,
290,CHEER UP (Japanese ver.),加油（日文版）,CHEER UP (Japanese ver.),日文,3:29,https://youtu.be/f7t6HutmqqA,2017/6/28,,,,
291,TT (Japanese ver.),TT（日文版）,TT (Japanese ver.),日文,3:34,https://youtu.be/2mxm7eL8LHs,2017/6/28,,,,
292,KNOCK KNOCK (Japanese ver.),敲敲（日文版）,KNOCK KNOCK (Japanese ver.),日文,3:15,https://youtu.be/aclodAhokek,2017/6/28,,,,
293,SIGNAL (Japanese ver.),信號（日文版）,SIGNAL (Japanese ver.),日文,3:18,https://youtu.be/t675fXM-y-s,2017/6/28,,,,
294,Like OOH-AHH (Korean ver.),像 OOH-AHH 一樣（韓文版）,Like OOH-AHH (Korean ver.),韓文,3:35,https://youtu.be/SF4jJUlmYUo,2017/6/28,,,,
295,CHEER UP (Korean ver.),加油（韓文版）,CHEER UP (Korean ver.),韓文,3:29,https://youtu.be/prWVZFgZ3Zc,2017/6/28,,,,
296,TT (Korean ver.),TT（韓文版）,TT (Korean ver.),韓文,3:34,https://youtu.be/___h2czNhe0,2017/6/28,,,,
297,KNOCK KNOCK (Korean ver.),敲敲（韓文版）,KNOCK KNOCK (Korean ver.),韓文,4:00,https://youtu.be/8A2t_tAjMz8,2017/6/28,,,,
298,SIGNAL (Korean ver.),信號（韓文版）,SIGNAL (Korean ver.),韓文,4:18,https://youtu.be/VQtonf1fv_s,2017/6/28,,,,
299,LIKEY (Japanese ver.),喜歡你（日文版）,LIKEY (Japanese ver.),日文,3:28,https://youtu.be/ZTQhMYchpsw,2019/3/6,,,,
300,Heart Shaker (Japanese ver.),心動（日文版）,Heart Shaker (Japanese ver.),日文,3:12,https://youtu.be/0kGkTScSHV8,2019/3/6,,,,
301,What is Love? (Japanese ver.),什麼是愛？（日文版）,What Is Love? (Japanese ver.),日文,3:39,https://youtu.be/3zQXMPbK5jU,2019/3/6,,,,
302,Dance The Night Away (Japanese ver.),徹夜狂歡（日文版）,Dance The Night Away (Japanese ver.),日文,3:03,https://youtu.be/i4V15zX14XM,2019/3/6,,,,
303,YES or YES (Japanese ver.),是或是（日文版）,YES or YES (Japanese ver.),日文,3:58,https://youtu.be/ifvbhFPDS1Y,2019/3/6,,,,
304,LIKEY (Korean ver.),喜歡你（韓文版）,LIKEY (Korean ver.),韓文,3:41,https://youtu.be/V2hlQkVJZhE,2019/3/6,,,,
305,Heart Shaker (Korean ver.),心動（韓文版）,Heart Shaker (Korean ver.),韓文,3:12,https://youtu.be/cCSd_gSXuBA,2019/3/6,,,,
306,What is Love? (Korean ver.),什麼是愛？（韓文版）,What Is Love? (Korean ver.),韓文,3:28,https://youtu.be/w4nihuYVTW0,2019/3/6,,,,
307,Dance The Night Away (Korean ver.),徹夜狂歡（韓文版）,Dance The Night Away (Korean ver.),韓文,3:03,https://youtu.be/6bT2CA9DS6o,2019/3/6,,,,
308,YES or YES (Korean ver.),是或是（韓文版）,YES or YES (Korean ver.),韓文,4:28,https://youtu.be/mAKsZ26SabQ,2019/3/6,,,,
309,The Best Thing I Ever Did (Japanese ver.),我今年做得最棒的事（日文版）,The Best Thing I Ever Did (Japanese ver.),日文,3:33,https://youtu.be/Ik1GJRA6s5U,2020/9/16,,,,
310,FANCY (Japanese ver.),華麗（日文版）,FANCY (Japanese ver.),日文,3:33,https://youtu.be/BXutgO4aTaA,2020/9/16,,,,
311,Feel Special (Japanese ver.),感覺特別（日文版）,Feel Special (Japanese ver.),日文,3:26,https://youtu.be/8ZPC7xlQj4o,2020/9/16,,,,
312,MORE & MORE (Japanese ver.),更多更多（日文版）,MORE & MORE (Japanese ver.),日文,3:19,https://youtu.be/Num10kZDKlw,2020/9/16,,,,
313,STUCK IN MY HEAD (Japanese ver.),困在我腦海（日文版）,STUCK IN MY HEAD (Japanese ver.),日文,2:56,https://youtu.be/FdN75bG3v20,2020/9/16,,,,
314,21:29 (Japanese ver.),21:29（日文版）,21:29 (Japanese ver.),日文,3:48,https://youtu.be/k6ut-f3Gibc,2020/9/16,,,,
315,The Best Thing I Ever Did (Korean ver.),我今年做得最棒的事（韓文版）,The Best Thing I Ever Did (Korean ver.),韓文,3:33,https://youtu.be/CfUGjK6gGgs,2020/9/16,,,,
316,FANCY (Korean ver.),華麗（韓文版）,FANCY (Korean ver.),韓文,3:38,https://youtu.be/kOHB85vDuow,2020/9/16,,,,
317,Feel Special (Korean ver.),感覺特別（韓文版）,Feel Special (Korean ver.),韓文,3:26,https://youtu.be/2zZxNpzqcAc,2020/9/16,,,,
318,MORE & MORE (Korean ver.),更多更多（韓文版）,MORE & MORE (Korean ver.),韓文,3:19,https://youtu.be/8yTxNtVr_d8,2020/9/16,,,,
319,STUCK IN MY HEAD (Korean ver.),困在我腦海（韓文版）,STUCK IN MY HEAD (Korean ver.),韓文,2:56,https://youtu.be/k9UXGuoc4lQ,2020/9/16,,,,
320,21:29 (Korean ver.),21:29（韓文版）,21:29 (Korean ver.),韓文,3:48,https://youtu.be/gsmSi4avq-0,2020/9/16,,,,
321,I CAN'T STOP ME (Japanese ver.),無法停止（日文版）,I CAN’T STOP ME (Japanese ver.),日文,3:41,https://youtu.be/HeJKIcgWPgE,2022/3/16,,,,
322,CRY FOR ME (Japanese ver.),為我哭泣（日文版）,CRY FOR ME (Japanese ver.),日文,3:24,https://youtu.be/tjLOyh-iXkk,2022/3/16,,,,
323,Alcohol-Free (Japanese ver.),無酒精（日文版）,Alcohol-Free (Japanese ver.),日文,3:30,https://youtu.be/AUeyY3IkocA,2022/3/16,,,,
324,SCIENTIST (Japanese ver.),科學家（日文版）,SCIENTIST (Japanese ver.),日文,3:16,https://youtu.be/RzUoFy1zKMA,2022/3/16,,,,
325,Talk That Talk(Japanese version),聊聊那件事（日文版）,Talk That Talk (Japanese Version),日文,2:58,https://youtu.be/3YtxooWlLg8,2025/5/14,,,,
326,Set Me Free(Japanese version),解放我（日文版）,Set Me Free (Japanese Version),日文,3:02,https://youtu.be/aTedl4ZSHgU,2025/5/14,,,,
327,ONE SPARK(Japanese version),唯一火花（日文版）,ONE SPARK (Japanese Version),日文,3:04,https://youtu.be/wtHHBIULcLI,2025/5/14,,,,
328,LUV ME,愛我吧,LUV ME,日文,3:29,https://youtu.be/S5wcE3aAZZc,2017/10/18,,,,
329,One More Time(Instrumental),再一次（伴奏）,One More Time (Instrumental),日文,3:03,https://youtu.be/I_BmeEkfT9k,2017/10/18,,,,
330,LUV ME(Instrumental),愛我吧（伴奏）,LUV ME (Instrumental),日文,3:29,https://youtu.be/epmdycT1b-M,2017/10/18,,,,
331,Candy Pop(Instrumental),糖果爆（伴奏）,Candy Pop (Instrumental),日文,3:22,https://youtu.be/yFcKSGa2l7Q,2018/2/7,,,,
332,BRAND NEW GIRL(Instrumental),全新女孩（伴奏）,BRAND NEW GIRL (Instrumental),日文,3:33,https://youtu.be/bBbghV7UYwI,2018/2/7,,,,
333,Pink Lemonade,粉紅檸檬水,Pink Lemonade,日文,3:40,https://youtu.be/lqWQZ0y9vOI,2018/5/16,,,,
334,Wake Me Up(Instrumental),叫醒我（伴奏）,Wake Me Up (Instrumental),日文,3:31,https://youtu.be/zQU8f8uZOdE,2018/5/16,,,,
335,Pink Lemonade(Instrumental),粉紅檸檬水（伴奏）,Pink Lemonade (Instrumental),日文,3:40,https://youtu.be/unsADdaxOPw,2018/5/16,,,,
336,The Best Thing I Ever Did (Japanese ver.),我今年做得最棒的事（日文版）,The Best Thing I Ever Did (Japanese ver.),日文,3:32,https://youtu.be/Ik1GJRA6s5U,2019/7/17,,,,
337,HAPPY HAPPY(Collapsedone Remix),快樂快樂（混音版）,HAPPY HAPPY (Collapsedone Remix),日文,3:32,https://youtu.be/DjWh6SdsAss,2019/7/17,,,,
338,HAPPY HAPPY(Instrumental),快樂快樂（伴奏）,HAPPY HAPPY (Instrumental),日文,3:27,https://youtu.be/cmWGbf5ZhQE,2019/7/17,,,,
339,FANCY (Japanese ver.),華麗（日文版）,FANCY (Japanese ver.),日文,3:38,https://youtu.be/6LbWN3FVfqI,2019/7/24,,,,
340,Breakthrough(taalthechoi Remix),突破（混音版）,Breakthrough (taalthechoi Remix),日文,3:24,https://youtu.be/hjRZSVEIUDQ,2019/7/24,,,,
341,Breakthrough(Instrumental),突破（伴奏）,Breakthrough (Instrumental),日文,3:37,https://youtu.be/OiwAqS3swKA,2019/7/24,,,,
342,Fanfare,應援,Fanfare,日文,3:37,https://youtu.be/kRT174IdxuM,2020/7/8,,,,
343,MORE & MORE (Japanese ver.),更多更多（日文版）,MORE & MORE (Japanese ver.),日文,3:19,https://youtu.be/Num10kZDKlw,2020/7/8,,,,
344,Fanfare (Lee Hae Sol Remix),應援（混音版）,Fanfare (Lee Hae Sol Remix),日文,3:31,https://youtu.be/rOO90Fo47-Q,2020/7/8,,,,
345,Fanfare(Instrumental),應援（伴奏）,Fanfare (Instrumental),日文,3:40,https://youtu.be/Gny1uPLFOEY,2020/7/8,,,,
346,Better,更好,Better,日文,3:47,https://youtu.be/sLmLwgxnPUE,2020/11/18,,,,
347,Scorpion,蠍子,Scorpion,日文,3:28,https://youtu.be/V4gusFdqBb4,2020/11/18,,,,
348,Better(Instrumental),更好（伴奏）,Better (Instrumental),日文,3:47,https://youtu.be/smd1BOUbFe8,2020/11/18,,,,
349,Scorpion(Instrumental),蠍子（伴奏）,Scorpion (Instrumental),日文,3:28,https://youtu.be/63f8ga_AGWU,2020/11/18,,,,
350,Kura Kura,暈暈的,Kura Kura,日文,3:48,https://youtu.be/qYbUKKmwiyc,2021/5/12,,,,
351,Strawberry Moon,草莓月亮,Strawberry Moon,日文,3:23,https://youtu.be/44TcFBoycL8,2021/5/12,,,,
352,Kura Kura (Instrumental),暈暈的（伴奏）,Kura Kura (Instrumental),日文,3:48,https://youtu.be/FGvGy3eGk-8,2021/5/12,,,,
353,Strawberry Moon (Instrumental),草莓月亮（伴奏）,Strawberry Moon (Instrumental),日文,3:23,https://youtu.be/ITVG9Mc9rNo,2021/5/12,,,,
354,Doughnut,甜甜圈,Doughnut,日文,4:24,https://youtu.be/0wGJBU57Ax8,2021/12/15,,,,
355,Wonderful Day,美好的一天,Wonderful Day,日文,3:43,https://youtu.be/otoxc_H8qkE,2021/12/15,,,,
356,Doughnut(Instrumental),甜甜圈（伴奏）,Doughnut (Instrumental),日文,4:24,https://youtu.be/Lsxmm96XR1U,2021/12/15,,,,
357,Wonderful Day(Instrumental),美好的一天（伴奏）,Wonderful Day (Instrumental),日文,3:31,https://youtu.be/B7RahXwHrk4,2021/12/15,,,,
358,Hare Hare,晴晴,Hare Hare,日文,3:23,https://youtu.be/tNLD0yUNaOg,2023/5/31,,,,
359,Catch a Wave,捕捉浪潮,Catch a Wave,日文,3:33,https://youtu.be/XptsZ69eSq8,2023/5/31,,,,
360,Hare Hare(Instrumental),晴晴（伴奏）,Hare Hare (Instrumental),日文,3:23,https://youtu.be/yJ0Mc3KfXIY,2023/5/31,,,,
361,Catch a Wave(Instrumental),捕捉浪潮（伴奏）,Catch a Wave (Instrumental),日文,3:34,https://youtu.be/x58HNBUvIzc,2023/5/31,,,,
362,Do not touch,禁止觸碰,Do Not Touch,日文,3:06,https://youtu.be/w9VHb4BtfYY,2023/7/26,,,,
363,Behind The Curtain,幕後,Behind The Curtain,日文,2:59,https://youtu.be/G3ykY-X_W1M,2023/7/26,,,,
364,Marshmallow,棉花糖,Marshmallow,日文,3:03,https://youtu.be/TPUG4dDuG_I,2023/7/26,,,,
365,Funny Valentine,情人節,Funny Valentine,日文,3:18,https://youtu.be/jlJRWbpAmfI,2023/7/26,,,,
366,It's not easy for you,對你來說不容易,It’s Not Easy for You,日文,2:21,https://youtu.be/ybjWh7I48Ew,2023/7/26,,,,
367,Rewind you,把你倒轉,Rewind You,日文,3:18,https://youtu.be/vP7-lyegrXE,2023/7/26,,,,
368,Bouquet,花束,Bouquet,日文,4:24,https://youtu.be/lD-GY7WiTd4,2023/7/26,,,,
369,Identity,自我認同,Identity,日文,2:21,https://youtu.be/d67H9wtS7rs,2024/11/6,,,,
370,RUNWAY,伸展台,RUNWAY,日文,2:44,https://youtu.be/KrSQJeTBIpI,2024/11/6,,,,
371,Wah Wah Wah,哇哇哇,Wah Wah Wah,日文,3:08,https://youtu.be/JA8NlW1ns9c,2024/11/6,,,,
372,"Baby, I'm good",寶貝，我很好,"Baby, I’m Good",日文,3:00,https://youtu.be/uIe9kiD02BI,2024/11/6,,,,
373,Daydream,白日夢,Daydream,日文,2:46,https://youtu.be/o1FcoMhwFQE,2024/11/6,,,,
374,NEW LOOK,全新造型,NEW LOOK,日文,3:17,https://youtu.be/aRsuhkWA3Dw,2024/11/6,,,,
375,Jealousy,嫉妒,Jealousy,日文,3:20,https://youtu.be/ISocMAtkK1g,2024/11/6,,,,
376,Misty(MINA solo),薄霧（MINA 獨唱）,Misty (MINA solo),日文,3:15,https://youtu.be/wkXE4-VpSec,2024/11/6,,,,
377,Money In My Pocket(MOMO solo),口袋裡的錢（MOMO 獨唱）,Money In My Pocket (MOMO solo),日文,2:30,https://youtu.be/NFAi_mxlcXs,2024/11/6,,,,
378,Mirage(SANA solo),幻影（SANA 獨唱）,Mirage (SANA solo),日文,3:01,https://youtu.be/KeVK8bQzhPc,2024/11/6,,,,
379,Message,訊息,Message,日文,4:05,https://youtu.be/YORvkKQwOHg,2025/4/28,,,,
380,The Feels,悸動,The Feels,韓文,2:51,https://youtu.be/9j6_KM-uzfY,2023/11/22,,,,
381,I CAN'T STOP ME,無法停止,I CAN’T STOP ME,韓文,3:26,https://youtu.be/pMQjg5b-3gE,2023/11/22,,,,
382,The Feels (The Stereotypes Remix),悸動（混音版）,The Feels (The Stereotypes Remix),英文,3:23,https://youtu.be/XwX6LN1YtSs,2021/10/1,,,,
383,The Feels (YVES V Remix),悸動（混音版）,The Feels (YVES V Remix),英文,2:15,https://youtu.be/aYZBlU0lFIo,2021/10/1,,,,
384,The Feels(Inst.),悸動（伴奏）,The Feels (Instrumental),英文,3:19,https://youtu.be/da9tihVXF7A,2021/10/1,,,,
385,The Feels (The Stereotypes Remix)(Inst.),悸動（混音伴奏）,The Feels (The Stereotypes Remix) (Instrumental),英文,3:23,https://youtu.be/XwX6LN1YtSs,2021/10/1,,,,
386,The Feels (YVES V Remix)(Inst.),悸動（混音伴奏）,The Feels (YVES V Remix) (Instrumental),英文,2:15,https://youtu.be/aYZBlU0lFIo,2021/10/1,,,,
387,The Feels (Benny Benassi Remix),悸動（貝尼貝納西混音）,The Feels (Benny Benassi Remix),英文,3:12,https://youtu.be/da9tihVXF7A,2021/10/1,,,,
388,MOONLIGHT SUNRISE(House remix),月光日出（浩室混音）,MOONLIGHT SUNRISE (House Remix),英文,3:38,https://youtu.be/g-p9Ba8-ttM,2023/1/20,,,,
389,MOONLIGHT SUNRISE(Club remix),月光日出（夜店混音）,MOONLIGHT SUNRISE (Club Remix),英文,3:51,https://youtu.be/vmRhsueXkBY,2023/1/20,,,,
390,MOONLIGHT SUNRISE(R&B remix),月光日出（R&B混音）,MOONLIGHT SUNRISE (R&B Remix),英文,3:13,https://youtu.be/JG5dtrU09Iw,2023/1/20,,,,
391,MOONLIGHT SUNRISE(Instrumental),月光日出（伴奏）,MOONLIGHT SUNRISE (Instrumental),英文,3:00,https://youtu.be/ZMNUe5Tsmko,2023/1/20,,,,
392,"I GOT YOU"" (Instrumental)",我擁有你（伴奏）,I GOT YOU (Instrumental),英文,2:53,https://youtu.be/9nY9MqpqZQk,2024/2/2,,,,
393,"I GOT YOU"" (feat. Lauv)",我擁有你（合作版）,I GOT YOU (feat. Lauv),英文,3:04,https://youtu.be/9nY9MqpqZQk,2024/2/2,,,,
394,"I GOT YOU"" (Original)",我擁有你（原版）,I GOT YOU (Original),英文,3:52,https://youtu.be/haf67eKF0uo,2024/2/2,,,,
395,"I GOT YOU"" (Lo-fi ver.)",我擁有你（低傳真版）,I GOT YOU (Lo-fi ver.),英文,3:10,https://youtu.be/GZ99f_CZY-c,2024/2/2,,,,
396,"I GOT YOU"" (Hyper ver.)",我擁有你（高速版）,I GOT YOU (Hyper ver.),英文,2:39,https://youtu.be/-aVTEuKp1WA,2024/2/2,,,,
397,"I GOT YOU"" (Garage ver.)",我擁有你（車庫版）,I GOT YOU (Garage ver.),英文,3:10,https://youtu.be/0-BKiesiaxE,2024/2/2,,,,
398,"I GOT YOU"" (Sped Up ver.)",我擁有你（加速版）,I GOT YOU (Sped Up ver.),英文,2:36,https://youtu.be/1KxRngLlrSM,2024/2/2,,,,
399,"I GOT YOU"" (feat. Lauv) (Instrumental)",我擁有你（合作伴奏）,I GOT YOU (feat. Lauv) (Instrumental),英文,3:04,https://youtu.be/vdoyceGGySo,2024/2/2,,,,
400,"I GOT YOU"" (Original) (Instrumental)",我擁有你（原版伴奏）,I GOT YOU (Original) (Instrumental),英文,2:53,https://youtu.be/9nY9MqpqZQk,2024/2/2,,,,
401,"I GOT YOU"" (Lo-fi ver.) (Instrumental)",我擁有你（低傳真伴奏）,I GOT YOU (Lo-fi ver.) (Instrumental),英文,3:10,https://youtu.be/3LqfzqqPNGI,2024/2/2,,,,
402,"I GOT YOU"" (Hyper ver.) (Instrumental)",我擁有你（高速伴奏）,I GOT YOU (Hyper ver.) (Instrumental),英文,2:39,https://youtu.be/dYoLBpOw-4I,2024/2/2,,,,
403,"I GOT YOU"" (Garage ver.) (Instrumental)",我擁有你（車庫伴奏）,I GOT YOU (Garage ver.) (Instrumental),英文,3:10,https://youtu.be/_nnYyOQBTZw,2024/2/2,,,,
404,"I GOT YOU"" (Sped Up ver.) (Instrumental)",我擁有你（加速伴奏）,I GOT YOU (Sped Up ver.) (Instrumental),英文,2:36,https://youtu.be/1KxRngLlrSM,2024/2/2,,,,
405,I'll Show You,我會讓你看見,I’ll Show You,英文,3:19,https://youtu.be/7ns79MgJJQY,2020/11/6,,,,
406,superstars,超級明星,Superstars,英文,2:24,https://youtu.be/-qHKU8vxLyc,2025/8/1,,,,
407,Golden,金色,Golden,英文,3:18,https://youtu.be/yebNIHKAC4A?si=XdZ4qwcXGRmsQPT1,2025/6/24,,,,
408,Free,自由,Free,英文,3:07,https://youtu.be/HyQn-jkug-w?si=aPMd_lEFkmF5aZ98,2025/6/19,,,,
409,What It Sounds Like,聽起來像,What It Sounds Like,英文,4:10,https://youtu.be/4TZmNObLkAU?si=M160PVw6dfCA37U8,2025/6/19,,,,
410,Soda Pop,汽水,Soda Pop,英文,2:50,https://youtu.be/983bBbJx0Mk?si=tZNjYC5362EnTBxy,2025/6/24,,,,
411,Your Idol,你的偶像,Your Idol,英文,1:59,https://youtu.be/cWppAbqm9I8?si=PDOVjayOtSCB-Dy2,2025/6/26,,,,
412,Takedown,擊倒,Takedown,英文,3:07,https://youtu.be/l8Dr7vzMSVE?si=ueCqUfqpT6JGCdfc,2025/6/24,,,,
